data,temperatura,umidade
09:13:18 08/04/2024, 21.00, 59.00
09:13:20 08/04/2024, 21.00, 59.00
09:13:22 08/04/2024, 21.00, 59.00
09:13:24 08/04/2024, 21.00, 59.00
09:13:26 08/04/2024, 21.00, 59.00
09:13:28 08/04/2024, 21.00, 59.00
09:13:30 08/04/2024, 21.00, 59.00
09:13:32 08/04/2024, 21.00, 59.00
09:13:34 08/04/2024, 21.00, 59.00
09:13:36 08/04/2024, 21.00, 59.00
09:13:38 08/04/2024, 21.00, 59.00
09:13:40 08/04/2024, 21.00, 59.00
09:13:42 08/04/2024, 21.00, 59.00
09:13:44 08/04/2024, 21.00, 59.00
09:13:46 08/04/2024, 21.00, 59.00
09:13:48 08/04/2024, 21.00, 59.00
09:13:50 08/04/2024, 21.00, 59.00
09:13:52 08/04/2024, 21.00, 59.00
09:13:54 08/04/2024, 21.00, 59.00
09:13:56 08/04/2024, 21.00, 59.00
09:13:58 08/04/2024, 21.00, 59.00
09:14:00 08/04/2024, 21.00, 59.00
09:14:02 08/04/2024, 21.00, 59.00
09:14:04 08/04/2024, 21.00, 59.00
09:14:06 08/04/2024, 21.00, 59.00
09:14:08 08/04/2024, 21.00, 59.00
09:14:10 08/04/2024, 21.00, 59.00
09:14:12 08/04/2024, 21.00, 59.00
09:14:14 08/04/2024, 21.00, 59.00
09:14:16 08/04/2024, 21.00, 59.00
09:14:18 08/04/2024, 21.00, 59.00
09:14:20 08/04/2024, 21.00, 59.00
09:14:22 08/04/2024, 21.00, 59.00
09:14:24 08/04/2024, 21.00, 59.00
09:14:26 08/04/2024, 21.00, 59.00
09:14:28 08/04/2024, 21.00, 59.00
09:14:30 08/04/2024, 21.00, 59.00
09:14:32 08/04/2024, 21.00, 59.00
09:14:35 08/04/2024, 21.10, 59.00
09:14:37 08/04/2024, 21.00, 59.00
09:14:39 08/04/2024, 21.10, 59.00
09:14:41 08/04/2024, 21.10, 59.00
09:14:43 08/04/2024, 21.10, 59.00
09:14:45 08/04/2024, 21.10, 59.00
09:14:47 08/04/2024, 21.10, 59.00
09:14:49 08/04/2024, 21.10, 59.00
09:14:51 08/04/2024, 21.10, 59.00
09:14:53 08/04/2024, 21.10, 59.00
09:14:55 08/04/2024, 21.10, 59.00
09:14:57 08/04/2024, 21.10, 59.00
09:14:59 08/04/2024, 21.10, 59.00
09:15:01 08/04/2024, 21.10, 59.00
09:15:03 08/04/2024, 21.10, 59.00
09:15:05 08/04/2024, 21.10, 59.00
09:15:07 08/04/2024, 21.10, 59.00
09:15:09 08/04/2024, 21.10, 59.00
09:15:11 08/04/2024, 21.10, 59.00
09:15:13 08/04/2024, 21.10, 59.00
09:15:15 08/04/2024, 21.10, 59.00
09:15:17 08/04/2024, 21.10, 59.00
09:15:19 08/04/2024, 21.10, 59.00
09:15:21 08/04/2024, 21.10, 59.00
09:15:23 08/04/2024, 21.10, 59.00
09:15:25 08/04/2024, 21.10, 59.00
09:15:27 08/04/2024, 21.10, 59.00
09:15:29 08/04/2024, 21.10, 59.00
09:15:31 08/04/2024, 21.10, 59.00
09:15:33 08/04/2024, 21.10, 59.00
09:15:35 08/04/2024, 21.10, 59.00
09:15:37 08/04/2024, 21.10, 59.00
09:15:39 08/04/2024, 21.10, 59.00
09:15:41 08/04/2024, 21.10, 59.00
09:15:43 08/04/2024, 21.10, 59.00
09:15:45 08/04/2024, 21.10, 59.00
09:15:47 08/04/2024, 21.10, 59.00
09:15:49 08/04/2024, 21.20, 59.00
09:15:51 08/04/2024, 21.20, 59.00
09:15:53 08/04/2024, 21.30, 59.00
09:15:56 08/04/2024, 21.30, 59.00
09:15:58 08/04/2024, 21.40, 59.00
09:16:00 08/04/2024, 21.40, 59.00
09:16:02 08/04/2024, 21.40, 59.00
09:16:04 08/04/2024, 21.40, 59.00
09:16:06 08/04/2024, 21.40, 59.00
09:16:08 08/04/2024, 21.40, 59.00
09:16:10 08/04/2024, 21.40, 59.00
09:16:12 08/04/2024, 21.40, 59.00
09:16:14 08/04/2024, 21.40, 59.00
09:16:16 08/04/2024, 21.40, 59.00
09:16:18 08/04/2024, 21.40, 59.00
09:16:20 08/04/2024, 21.40, 59.00
09:16:22 08/04/2024, 21.40, 59.00
09:16:24 08/04/2024, 21.40, 59.00
09:16:26 08/04/2024, 21.40, 59.00
09:16:28 08/04/2024, 21.40, 59.00
09:16:30 08/04/2024, 21.40, 59.00
09:16:32 08/04/2024, 21.40, 59.00
09:17:57 08/04/2024, 21.40, 59.00
09:17:59 08/04/2024, 21.40, 59.00
09:18:01 08/04/2024, 21.40, 59.00
09:18:03 08/04/2024, 21.40, 59.00
09:18:05 08/04/2024, 21.40, 59.00
09:18:07 08/04/2024, 21.40, 59.00
09:18:09 08/04/2024, 21.40, 59.00
09:18:11 08/04/2024, 21.40, 58.00
09:18:13 08/04/2024, 21.40, 58.00
09:18:15 08/04/2024, 21.40, 58.00
09:18:17 08/04/2024, 21.40, 58.00
09:18:19 08/04/2024, 21.40, 58.00
09:18:21 08/04/2024, 21.40, 58.00
09:18:23 08/04/2024, 21.40, 58.00
09:18:25 08/04/2024, 21.40, 58.00
09:18:27 08/04/2024, 21.40, 58.00
09:18:29 08/04/2024, 21.40, 58.00
09:18:31 08/04/2024, 21.40, 58.00
09:18:33 08/04/2024, 21.40, 58.00
09:18:35 08/04/2024, 21.40, 58.00
09:18:38 08/04/2024, 21.40, 58.00
09:18:40 08/04/2024, 21.40, 58.00
09:18:42 08/04/2024, 21.40, 58.00
09:18:44 08/04/2024, 21.40, 58.00
09:18:46 08/04/2024, 21.40, 58.00
09:18:48 08/04/2024, 21.40, 58.00
09:18:50 08/04/2024, 21.40, 58.00
09:18:52 08/04/2024, 21.40, 58.00
09:18:54 08/04/2024, 21.40, 58.00
09:18:56 08/04/2024, 21.40, 58.00
09:18:58 08/04/2024, 21.40, 58.00
09:19:00 08/04/2024, 21.40, 58.00
09:19:02 08/04/2024, 21.40, 58.00
09:19:04 08/04/2024, 21.40, 58.00
09:19:06 08/04/2024, 21.40, 58.00
09:19:08 08/04/2024, 21.40, 58.00
09:19:10 08/04/2024, 21.40, 58.00
09:19:12 08/04/2024, 21.40, 58.00
09:19:14 08/04/2024, 21.40, 58.00
09:19:16 08/04/2024, 21.40, 58.00
09:19:18 08/04/2024, 21.40, 58.00
09:19:20 08/04/2024, 21.40, 58.00
09:19:22 08/04/2024, 21.40, 58.00
09:19:24 08/04/2024, 21.40, 58.00
20:26:18 09/04/2024, 23.80, 55.00
20:26:20 09/04/2024, 23.80, 55.00
20:26:22 09/04/2024, 23.80, 55.00
20:26:24 09/04/2024, 23.80, 55.00
20:26:26 09/04/2024, 23.80, 55.00
20:26:28 09/04/2024, 23.80, 55.00
20:26:30 09/04/2024, 23.80, 55.00
20:26:32 09/04/2024, 23.80, 55.00
20:26:34 09/04/2024, 23.80, 55.00
20:26:36 09/04/2024, 23.80, 55.00
20:26:38 09/04/2024, 23.80, 55.00
20:26:40 09/04/2024, 23.80, 55.00
20:26:42 09/04/2024, 23.80, 55.00
20:26:44 09/04/2024, 23.80, 55.00
20:26:46 09/04/2024, 23.80, 55.00
20:26:48 09/04/2024, 23.80, 55.00
20:26:50 09/04/2024, 23.80, 55.00
20:26:52 09/04/2024, 23.80, 55.00
20:26:54 09/04/2024, 23.80, 55.00
20:26:56 09/04/2024, 23.80, 55.00
20:26:58 09/04/2024, 23.80, 55.00
20:27:00 09/04/2024, 23.80, 55.00
20:27:02 09/04/2024, 23.80, 54.00
20:27:04 09/04/2024, 23.80, 54.00
20:27:06 09/04/2024, 23.80, 54.00
20:27:08 09/04/2024, 23.80, 54.00
20:27:10 09/04/2024, 23.80, 54.00
20:27:12 09/04/2024, 23.80, 54.00
20:27:15 09/04/2024, 23.80, 54.00
20:27:17 09/04/2024, 23.80, 54.00
20:27:19 09/04/2024, 23.80, 54.00
20:27:21 09/04/2024, 23.80, 54.00
20:27:23 09/04/2024, 23.80, 55.00
20:27:25 09/04/2024, 23.80, 55.00
20:27:27 09/04/2024, 23.80, 55.00
20:27:29 09/04/2024, 23.80, 55.00
20:27:31 09/04/2024, 23.80, 55.00
20:27:33 09/04/2024, 23.80, 55.00
20:27:35 09/04/2024, 23.80, 55.00
20:27:37 09/04/2024, 23.80, 55.00
20:27:39 09/04/2024, 23.80, 55.00
20:27:41 09/04/2024, 23.80, 55.00
20:27:43 09/04/2024, 23.80, 55.00
20:27:45 09/04/2024, 23.80, 54.00
20:27:47 09/04/2024, 23.80, 54.00
20:27:49 09/04/2024, 23.80, 54.00
20:27:51 09/04/2024, 23.80, 54.00
20:27:53 09/04/2024, 23.80, 54.00
20:27:55 09/04/2024, 23.80, 54.00
20:27:57 09/04/2024, 23.80, 54.00
20:27:59 09/04/2024, 23.80, 54.00
20:28:01 09/04/2024, 23.80, 54.00
20:28:03 09/04/2024, 23.80, 54.00
20:28:05 09/04/2024, 23.80, 55.00
20:28:07 09/04/2024, 23.80, 55.00
20:28:09 09/04/2024, 23.80, 55.00
20:28:11 09/04/2024, 23.80, 55.00
20:28:13 09/04/2024, 23.80, 55.00
20:28:15 09/04/2024, 23.80, 55.00
20:28:17 09/04/2024, 23.80, 55.00
20:28:19 09/04/2024, 23.80, 55.00
20:28:21 09/04/2024, 23.80, 55.00
20:28:23 09/04/2024, 23.80, 54.00
20:28:25 09/04/2024, 23.80, 54.00
20:28:27 09/04/2024, 23.80, 54.00
20:28:29 09/04/2024, 23.80, 54.00
20:28:31 09/04/2024, 23.80, 54.00
20:28:33 09/04/2024, 23.80, 54.00
20:28:36 09/04/2024, 23.80, 54.00
20:28:38 09/04/2024, 23.80, 54.00
20:28:40 09/04/2024, 23.80, 54.00
20:28:42 09/04/2024, 23.80, 54.00
20:28:44 09/04/2024, 23.80, 54.00
20:28:46 09/04/2024, 23.80, 54.00
20:28:48 09/04/2024, 23.80, 54.00
20:28:50 09/04/2024, 23.60, 54.00
20:28:52 09/04/2024, 23.40, 54.00
20:28:54 09/04/2024, 23.40, 54.00
20:28:56 09/04/2024, 23.40, 54.00
20:28:58 09/04/2024, 23.40, 54.00
20:29:00 09/04/2024, 23.40, 54.00
20:29:02 09/04/2024, 23.40, 54.00
20:29:04 09/04/2024, 23.40, 54.00
20:29:06 09/04/2024, 23.40, 54.00
20:29:08 09/04/2024, 23.40, 54.00
20:29:10 09/04/2024, 23.40, 54.00
20:29:12 09/04/2024, 23.40, 54.00
20:29:14 09/04/2024, 23.40, 54.00
20:29:16 09/04/2024, 23.40, 54.00
20:29:18 09/04/2024, 23.40, 54.00
20:29:20 09/04/2024, 23.40, 54.00
20:29:22 09/04/2024, 23.40, 54.00
20:29:24 09/04/2024, 23.40, 54.00
20:29:26 09/04/2024, 23.40, 54.00
20:29:28 09/04/2024, 23.40, 54.00
20:29:30 09/04/2024, 23.40, 54.00
20:29:32 09/04/2024, 23.40, 54.00
20:29:34 09/04/2024, 23.40, 54.00
20:29:36 09/04/2024, 23.40, 54.00
20:29:38 09/04/2024, 23.40, 54.00
20:29:40 09/04/2024, 23.40, 54.00
20:29:42 09/04/2024, 23.40, 54.00
20:29:44 09/04/2024, 23.40, 54.00
20:29:46 09/04/2024, 23.40, 54.00
20:29:48 09/04/2024, 23.40, 54.00
20:29:50 09/04/2024, 23.40, 54.00
20:29:52 09/04/2024, 23.40, 54.00
20:29:54 09/04/2024, 23.40, 54.00
20:29:57 09/04/2024, 23.40, 54.00
20:29:59 09/04/2024, 23.40, 54.00
20:30:01 09/04/2024, 23.40, 54.00
20:30:03 09/04/2024, 23.40, 54.00
20:30:05 09/04/2024, 23.40, 54.00
20:30:07 09/04/2024, 23.40, 54.00
20:30:09 09/04/2024, 23.40, 54.00
20:30:11 09/04/2024, 23.40, 54.00
20:30:13 09/04/2024, 23.40, 54.00
20:30:15 09/04/2024, 23.40, 54.00
20:30:17 09/04/2024, 23.40, 54.00
20:30:19 09/04/2024, 23.40, 54.00
20:30:21 09/04/2024, 23.40, 54.00
20:30:23 09/04/2024, 23.40, 54.00
20:30:25 09/04/2024, 23.40, 54.00
20:30:27 09/04/2024, 23.40, 54.00
20:30:29 09/04/2024, 23.40, 54.00
20:30:31 09/04/2024, 23.40, 54.00
20:30:33 09/04/2024, 23.40, 54.00
20:30:35 09/04/2024, 23.40, 54.00
20:30:37 09/04/2024, 23.40, 54.00
20:30:39 09/04/2024, 23.40, 54.00
20:30:41 09/04/2024, 23.40, 54.00
20:30:43 09/04/2024, 23.40, 54.00
20:30:45 09/04/2024, 23.40, 54.00
20:30:47 09/04/2024, 23.40, 54.00
20:30:49 09/04/2024, 23.40, 54.00
20:30:51 09/04/2024, 23.40, 54.00
20:30:53 09/04/2024, 23.40, 54.00
20:30:55 09/04/2024, 23.40, 54.00
20:30:57 09/04/2024, 23.40, 54.00
20:30:59 09/04/2024, 23.40, 54.00
20:31:01 09/04/2024, 23.40, 54.00
20:31:03 09/04/2024, 23.40, 54.00
20:31:05 09/04/2024, 23.40, 54.00
20:31:07 09/04/2024, 23.40, 54.00
20:31:09 09/04/2024, 23.40, 54.00
20:31:11 09/04/2024, 23.40, 54.00
20:31:13 09/04/2024, 23.40, 54.00
20:31:15 09/04/2024, 23.40, 54.00
20:31:18 09/04/2024, 23.40, 54.00
20:31:20 09/04/2024, 23.40, 54.00
20:31:22 09/04/2024, 23.40, 54.00
20:31:24 09/04/2024, 23.40, 54.00
20:31:26 09/04/2024, 23.40, 54.00
20:31:28 09/04/2024, 23.40, 54.00
20:31:30 09/04/2024, 23.40, 54.00
20:31:32 09/04/2024, 23.40, 54.00
20:31:34 09/04/2024, 23.40, 54.00
20:31:36 09/04/2024, 23.40, 54.00
20:31:38 09/04/2024, 23.40, 54.00
20:31:40 09/04/2024, 23.40, 54.00
20:31:42 09/04/2024, 23.40, 54.00
20:31:44 09/04/2024, 23.40, 54.00
20:31:46 09/04/2024, 23.40, 54.00
20:31:48 09/04/2024, 23.40, 54.00
20:31:50 09/04/2024, 23.40, 54.00
20:31:52 09/04/2024, 23.40, 54.00
20:31:54 09/04/2024, 23.40, 54.00
20:31:56 09/04/2024, 23.40, 54.00
20:31:58 09/04/2024, 23.40, 54.00
20:32:00 09/04/2024, 23.40, 55.00
20:32:02 09/04/2024, 23.40, 55.00
20:32:04 09/04/2024, 23.40, 55.00
20:00:12 10/04/2024, 23.40, 69.00
20:00:14 10/04/2024, 23.40, 69.00
20:00:16 10/04/2024, 23.40, 69.00
20:00:18 10/04/2024, 23.40, 69.00
20:00:20 10/04/2024, 23.40, 69.00
20:00:23 10/04/2024, 23.40, 69.00
20:00:25 10/04/2024, 23.40, 69.00
20:00:27 10/04/2024, 23.40, 69.00
20:00:29 10/04/2024, 23.40, 69.00
20:00:31 10/04/2024, 23.40, 69.00
20:00:33 10/04/2024, 23.40, 69.00
20:00:35 10/04/2024, 23.40, 69.00
20:00:37 10/04/2024, 23.40, 69.00
20:00:39 10/04/2024, 23.40, 69.00
20:00:41 10/04/2024, 23.40, 69.00
20:00:43 10/04/2024, 23.40, 69.00
20:00:45 10/04/2024, 23.40, 68.00
20:00:47 10/04/2024, 23.40, 68.00
20:00:49 10/04/2024, 23.40, 68.00
20:00:51 10/04/2024, 23.40, 68.00
20:00:53 10/04/2024, 23.40, 68.00
20:00:55 10/04/2024, 23.40, 68.00
20:00:57 10/04/2024, 23.40, 68.00
20:00:59 10/04/2024, 23.40, 68.00
20:01:01 10/04/2024, 23.40, 68.00
20:01:03 10/04/2024, 23.40, 68.00
20:01:05 10/04/2024, 23.40, 68.00
20:01:07 10/04/2024, 23.40, 68.00
20:01:09 10/04/2024, 23.40, 68.00
20:01:11 10/04/2024, 23.40, 68.00
20:01:13 10/04/2024, 23.40, 68.00
20:01:15 10/04/2024, 23.40, 68.00
20:01:17 10/04/2024, 23.40, 68.00
20:01:19 10/04/2024, 23.40, 68.00
20:01:21 10/04/2024, 23.40, 68.00
20:01:23 10/04/2024, 23.40, 67.00
20:01:25 10/04/2024, 23.40, 67.00
20:01:27 10/04/2024, 23.40, 67.00
20:01:29 10/04/2024, 23.40, 67.00
20:01:31 10/04/2024, 23.40, 67.00
20:01:33 10/04/2024, 23.40, 67.00
20:01:35 10/04/2024, 23.40, 67.00
20:01:37 10/04/2024, 23.40, 67.00
20:01:39 10/04/2024, 23.40, 67.00
20:01:41 10/04/2024, 23.40, 67.00
20:01:44 10/04/2024, 23.40, 67.00
20:01:46 10/04/2024, 23.40, 67.00
20:01:48 10/04/2024, 23.40, 67.00
20:01:50 10/04/2024, 23.40, 67.00
20:01:52 10/04/2024, 23.40, 67.00
20:01:54 10/04/2024, 23.40, 67.00
20:01:56 10/04/2024, 23.40, 67.00
20:01:58 10/04/2024, 23.40, 67.00
20:02:00 10/04/2024, 23.40, 67.00
20:02:02 10/04/2024, 23.40, 67.00
20:02:04 10/04/2024, 23.40, 67.00
20:02:06 10/04/2024, 23.40, 67.00
20:02:08 10/04/2024, 23.40, 67.00
20:02:10 10/04/2024, 23.40, 67.00
20:02:12 10/04/2024, 23.40, 67.00
20:02:14 10/04/2024, 23.40, 67.00
20:02:16 10/04/2024, 23.40, 67.00
20:02:18 10/04/2024, 23.40, 67.00
20:02:20 10/04/2024, 23.40, 67.00
20:02:22 10/04/2024, 23.40, 67.00
20:02:24 10/04/2024, 23.40, 67.00
20:02:26 10/04/2024, 23.40, 67.00
20:02:28 10/04/2024, 23.40, 67.00
20:02:30 10/04/2024, 23.40, 67.00
20:02:32 10/04/2024, 23.40, 67.00
20:02:34 10/04/2024, 23.40, 66.00
20:02:36 10/04/2024, 23.40, 66.00
20:02:38 10/04/2024, 23.40, 66.00
20:02:40 10/04/2024, 23.40, 66.00
20:02:42 10/04/2024, 23.40, 66.00
20:02:44 10/04/2024, 23.40, 66.00
20:02:46 10/04/2024, 23.40, 66.00
20:02:48 10/04/2024, 23.40, 66.00
20:02:50 10/04/2024, 23.40, 66.00
20:02:52 10/04/2024, 23.40, 66.00
20:02:54 10/04/2024, 23.40, 66.00
20:02:56 10/04/2024, 23.40, 67.00
20:02:58 10/04/2024, 23.40, 67.00
20:03:00 10/04/2024, 23.40, 67.00
20:03:03 10/04/2024, 23.40, 67.00
20:03:05 10/04/2024, 23.40, 67.00
20:03:07 10/04/2024, 23.40, 67.00
20:03:09 10/04/2024, 23.40, 66.00
20:03:11 10/04/2024, 23.40, 66.00
20:03:13 10/04/2024, 23.40, 66.00
20:03:15 10/04/2024, 23.40, 66.00
20:03:17 10/04/2024, 23.40, 66.00
20:03:19 10/04/2024, 23.50, 66.00
20:03:21 10/04/2024, 23.70, 66.00
20:03:23 10/04/2024, 23.80, 66.00
20:03:25 10/04/2024, 23.80, 66.00
20:03:27 10/04/2024, 23.80, 66.00
20:03:29 10/04/2024, 23.80, 66.00
20:03:31 10/04/2024, 23.80, 66.00
20:03:33 10/04/2024, 23.80, 66.00
20:03:35 10/04/2024, 23.80, 66.00
20:03:37 10/04/2024, 23.80, 66.00
20:03:39 10/04/2024, 23.80, 66.00
20:03:41 10/04/2024, 23.80, 66.00
20:03:43 10/04/2024, 23.80, 66.00
20:03:45 10/04/2024, 23.80, 66.00
20:03:47 10/04/2024, 23.80, 66.00
20:03:49 10/04/2024, 23.80, 66.00
20:03:51 10/04/2024, 23.80, 66.00
20:03:53 10/04/2024, 23.80, 65.00
20:03:55 10/04/2024, 23.80, 65.00
20:03:57 10/04/2024, 23.80, 65.00
20:03:59 10/04/2024, 23.80, 65.00
20:04:01 10/04/2024, 23.80, 65.00
20:04:03 10/04/2024, 23.80, 65.00
20:04:05 10/04/2024, 23.80, 65.00
20:04:07 10/04/2024, 23.80, 65.00
20:04:09 10/04/2024, 23.80, 65.00
20:04:11 10/04/2024, 23.80, 65.00
20:04:13 10/04/2024, 23.80, 65.00
20:04:15 10/04/2024, 23.80, 65.00
20:04:17 10/04/2024, 23.80, 65.00
20:04:19 10/04/2024, 23.80, 65.00
20:04:21 10/04/2024, 23.80, 65.00
20:04:24 10/04/2024, 23.80, 65.00
20:04:26 10/04/2024, 23.80, 65.00
20:04:28 10/04/2024, 23.80, 65.00
20:04:30 10/04/2024, 23.80, 65.00
20:04:32 10/04/2024, 23.80, 65.00
20:04:34 10/04/2024, 23.80, 65.00
20:04:36 10/04/2024, 23.80, 65.00
20:04:38 10/04/2024, 23.80, 65.00
20:04:40 10/04/2024, 23.80, 65.00
20:04:42 10/04/2024, 23.80, 65.00
20:04:44 10/04/2024, 23.80, 65.00
20:04:46 10/04/2024, 23.80, 65.00
20:04:48 10/04/2024, 23.80, 64.00
20:04:50 10/04/2024, 23.80, 64.00
20:04:52 10/04/2024, 23.80, 64.00
20:04:54 10/04/2024, 23.80, 64.00
20:04:56 10/04/2024, 23.80, 64.00
20:04:58 10/04/2024, 23.80, 64.00
20:05:00 10/04/2024, 23.80, 64.00
20:05:02 10/04/2024, 23.80, 64.00
20:05:04 10/04/2024, 23.80, 64.00
20:05:06 10/04/2024, 23.80, 64.00
20:05:08 10/04/2024, 23.80, 64.00
20:05:10 10/04/2024, 23.80, 64.00
20:05:12 10/04/2024, 23.80, 64.00
20:05:14 10/04/2024, 23.80, 64.00
20:05:16 10/04/2024, 23.80, 64.00
20:05:18 10/04/2024, 23.80, 64.00
20:05:20 10/04/2024, 23.80, 64.00
20:05:22 10/04/2024, 23.80, 64.00
20:05:24 10/04/2024, 23.80, 64.00
20:05:26 10/04/2024, 23.80, 64.00
20:05:28 10/04/2024, 23.80, 64.00
20:05:30 10/04/2024, 23.80, 64.00
20:05:32 10/04/2024, 23.80, 64.00
20:05:34 10/04/2024, 23.80, 64.00
20:05:36 10/04/2024, 23.80, 64.00
20:05:38 10/04/2024, 23.80, 64.00
20:05:40 10/04/2024, 23.80, 64.00
20:05:42 10/04/2024, 23.80, 64.00
20:05:45 10/04/2024, 23.80, 64.00
20:05:47 10/04/2024, 24.00, 64.00
20:05:49 10/04/2024, 24.10, 64.00
20:05:51 10/04/2024, 24.10, 64.00
20:05:53 10/04/2024, 24.10, 64.00
20:05:55 10/04/2024, 24.10, 64.00
20:05:57 10/04/2024, 24.10, 64.00
20:05:59 10/04/2024, 24.10, 64.00
20:06:01 10/04/2024, 24.10, 64.00
20:06:03 10/04/2024, 24.10, 64.00
20:06:05 10/04/2024, 24.10, 64.00
20:06:07 10/04/2024, 24.10, 64.00
20:06:09 10/04/2024, 24.10, 64.00
20:06:11 10/04/2024, 24.10, 64.00
20:06:13 10/04/2024, 24.10, 64.00
20:06:15 10/04/2024, 24.10, 64.00
20:06:17 10/04/2024, 24.10, 64.00
20:06:19 10/04/2024, 24.10, 64.00
20:06:21 10/04/2024, 24.10, 64.00
20:06:23 10/04/2024, 24.10, 64.00
20:06:25 10/04/2024, 24.10, 64.00
20:06:27 10/04/2024, 24.10, 64.00
20:06:29 10/04/2024, 24.10, 64.00
20:06:31 10/04/2024, 24.10, 64.00
20:06:33 10/04/2024, 24.10, 64.00
20:06:35 10/04/2024, 24.10, 64.00
20:06:37 10/04/2024, 24.10, 63.00
20:06:39 10/04/2024, 24.10, 63.00
20:06:41 10/04/2024, 24.10, 63.00
20:06:43 10/04/2024, 24.10, 63.00
20:06:45 10/04/2024, 24.10, 63.00
20:06:47 10/04/2024, 24.10, 63.00
20:06:49 10/04/2024, 24.10, 63.00
20:06:51 10/04/2024, 24.10, 63.00
20:06:53 10/04/2024, 24.10, 63.00
20:06:55 10/04/2024, 24.10, 63.00
20:06:57 10/04/2024, 24.10, 63.00
20:06:59 10/04/2024, 24.10, 63.00
20:07:01 10/04/2024, 24.10, 63.00
20:07:03 10/04/2024, 24.10, 63.00
20:07:06 10/04/2024, 24.10, 63.00
20:07:08 10/04/2024, 24.10, 63.00
20:07:10 10/04/2024, 24.10, 63.00
20:07:12 10/04/2024, 24.10, 63.00
20:07:14 10/04/2024, 24.10, 63.00
20:07:16 10/04/2024, 24.10, 63.00
20:07:18 10/04/2024, 24.10, 63.00
20:07:20 10/04/2024, 24.10, 63.00
20:07:22 10/04/2024, 24.10, 63.00
20:07:24 10/04/2024, 24.10, 63.00
20:07:26 10/04/2024, 24.10, 63.00
20:07:28 10/04/2024, 24.20, 63.00
20:07:30 10/04/2024, 24.20, 63.00
20:07:32 10/04/2024, 24.30, 63.00
20:07:34 10/04/2024, 24.40, 63.00
20:07:36 10/04/2024, 24.50, 63.00
20:07:38 10/04/2024, 24.50, 63.00
20:07:40 10/04/2024, 24.50, 63.00
20:07:42 10/04/2024, 24.50, 63.00
20:07:44 10/04/2024, 24.50, 63.00
20:07:46 10/04/2024, 24.50, 63.00
20:07:48 10/04/2024, 24.50, 63.00
20:07:50 10/04/2024, 24.50, 63.00
20:07:52 10/04/2024, 24.50, 63.00
20:07:54 10/04/2024, 24.50, 63.00
20:07:56 10/04/2024, 24.50, 63.00
20:07:58 10/04/2024, 24.50, 63.00
20:08:00 10/04/2024, 24.50, 63.00
20:08:02 10/04/2024, 24.50, 63.00
20:08:04 10/04/2024, 24.50, 63.00
20:08:06 10/04/2024, 24.50, 63.00
20:08:08 10/04/2024, 24.50, 63.00
20:08:10 10/04/2024, 24.50, 63.00
20:08:12 10/04/2024, 24.50, 63.00
20:08:14 10/04/2024, 24.50, 63.00
20:08:16 10/04/2024, 24.50, 63.00
20:08:18 10/04/2024, 24.50, 63.00
20:08:20 10/04/2024, 24.50, 63.00
20:08:22 10/04/2024, 24.50, 63.00
20:08:24 10/04/2024, 24.50, 63.00
20:08:27 10/04/2024, 24.50, 63.00
20:08:29 10/04/2024, 24.50, 62.00
20:08:31 10/04/2024, 24.50, 62.00
20:08:33 10/04/2024, 24.50, 62.00
20:08:35 10/04/2024, 24.50, 62.00
20:08:37 10/04/2024, 24.50, 63.00
20:08:39 10/04/2024, 24.50, 63.00
20:08:41 10/04/2024, 24.50, 63.00
20:08:43 10/04/2024, 24.50, 63.00
20:08:45 10/04/2024, 24.50, 63.00
20:08:47 10/04/2024, 24.50, 63.00
20:08:49 10/04/2024, 24.50, 63.00
20:08:51 10/04/2024, 24.50, 63.00
20:08:53 10/04/2024, 24.50, 63.00
20:08:55 10/04/2024, 24.50, 63.00
20:08:57 10/04/2024, 24.50, 63.00
20:08:59 10/04/2024, 24.50, 63.00
20:09:01 10/04/2024, 24.50, 63.00
20:09:03 10/04/2024, 24.50, 63.00
20:09:05 10/04/2024, 24.50, 63.00
20:09:07 10/04/2024, 24.50, 63.00
20:09:09 10/04/2024, 24.50, 63.00
20:09:11 10/04/2024, 24.50, 62.00
20:09:13 10/04/2024, 24.50, 62.00
20:09:15 10/04/2024, 24.50, 62.00
20:09:17 10/04/2024, 24.50, 62.00
20:09:19 10/04/2024, 24.50, 62.00
20:09:21 10/04/2024, 24.50, 62.00
20:09:23 10/04/2024, 24.50, 62.00
20:09:25 10/04/2024, 24.50, 62.00
20:09:27 10/04/2024, 24.50, 62.00
20:09:29 10/04/2024, 24.50, 62.00
20:09:31 10/04/2024, 24.50, 62.00
20:09:33 10/04/2024, 24.50, 62.00
20:09:35 10/04/2024, 24.50, 62.00
20:09:37 10/04/2024, 24.50, 62.00
20:09:39 10/04/2024, 24.50, 62.00
20:09:41 10/04/2024, 24.50, 62.00
20:09:43 10/04/2024, 24.50, 62.00
20:09:45 10/04/2024, 24.50, 62.00
20:09:48 10/04/2024, 24.50, 62.00
20:09:50 10/04/2024, 24.50, 62.00
20:09:52 10/04/2024, 24.50, 62.00
20:09:54 10/04/2024, 24.50, 62.00
20:09:56 10/04/2024, 24.50, 62.00
20:09:58 10/04/2024, 24.50, 62.00
20:10:00 10/04/2024, 24.50, 62.00
20:10:02 10/04/2024, 24.50, 62.00
20:10:04 10/04/2024, 24.50, 62.00
20:10:06 10/04/2024, 24.50, 62.00
20:10:08 10/04/2024, 24.50, 62.00
20:10:10 10/04/2024, 24.50, 62.00
20:10:12 10/04/2024, 24.50, 62.00
20:10:14 10/04/2024, 24.50, 62.00
20:10:16 10/04/2024, 24.50, 62.00
20:10:18 10/04/2024, 24.50, 62.00
20:10:20 10/04/2024, 24.50, 62.00
20:10:22 10/04/2024, 24.50, 62.00
20:10:24 10/04/2024, 24.50, 62.00
20:10:26 10/04/2024, 24.50, 62.00
20:10:28 10/04/2024, 24.50, 62.00
20:10:30 10/04/2024, 24.50, 62.00
20:10:32 10/04/2024, 24.50, 62.00
20:10:34 10/04/2024, 24.50, 62.00
20:10:36 10/04/2024, 24.50, 62.00
20:10:38 10/04/2024, 24.60, 62.00
20:10:40 10/04/2024, 24.80, 62.00
20:10:42 10/04/2024, 24.80, 62.00
20:10:44 10/04/2024, 24.80, 62.00
20:10:46 10/04/2024, 24.80, 62.00
20:10:48 10/04/2024, 24.80, 62.00
20:10:50 10/04/2024, 24.80, 62.00
20:10:52 10/04/2024, 24.80, 62.00
20:10:54 10/04/2024, 24.80, 62.00
20:10:56 10/04/2024, 24.80, 62.00
20:10:58 10/04/2024, 24.80, 62.00
20:11:00 10/04/2024, 24.80, 62.00
20:11:02 10/04/2024, 24.80, 62.00
20:11:04 10/04/2024, 24.80, 62.00
20:11:06 10/04/2024, 24.80, 61.00
20:11:09 10/04/2024, 24.80, 61.00
20:11:11 10/04/2024, 24.80, 61.00
20:11:13 10/04/2024, 24.80, 61.00
20:11:15 10/04/2024, 24.80, 61.00
20:11:17 10/04/2024, 24.80, 61.00
20:11:19 10/04/2024, 24.80, 61.00
20:11:21 10/04/2024, 24.80, 61.00
20:11:23 10/04/2024, 24.80, 61.00
20:11:25 10/04/2024, 24.80, 61.00
20:11:27 10/04/2024, 24.80, 61.00
20:11:29 10/04/2024, 24.80, 61.00
20:11:31 10/04/2024, 24.80, 61.00
20:11:33 10/04/2024, 24.80, 61.00
20:11:35 10/04/2024, 24.80, 61.00
20:11:37 10/04/2024, 24.80, 61.00
20:11:39 10/04/2024, 24.80, 61.00
20:11:41 10/04/2024, 24.80, 61.00
20:11:43 10/04/2024, 24.80, 61.00
20:11:45 10/04/2024, 24.80, 61.00
20:11:47 10/04/2024, 24.80, 61.00
20:11:49 10/04/2024, 24.80, 61.00
20:11:51 10/04/2024, 24.80, 61.00
20:11:53 10/04/2024, 24.80, 61.00
20:11:55 10/04/2024, 24.80, 61.00
20:11:57 10/04/2024, 24.80, 61.00
20:11:59 10/04/2024, 24.80, 61.00
20:12:01 10/04/2024, 24.80, 61.00
20:12:03 10/04/2024, 24.80, 61.00
20:12:05 10/04/2024, 24.80, 61.00
20:12:07 10/04/2024, 24.80, 61.00
20:12:09 10/04/2024, 24.80, 61.00
20:12:11 10/04/2024, 24.80, 61.00
20:12:13 10/04/2024, 24.80, 61.00
20:12:15 10/04/2024, 24.80, 61.00
20:12:17 10/04/2024, 24.80, 61.00
20:12:19 10/04/2024, 24.80, 61.00
20:12:21 10/04/2024, 24.80, 61.00
20:12:23 10/04/2024, 24.80, 61.00
20:12:25 10/04/2024, 24.80, 61.00
20:12:27 10/04/2024, 24.80, 61.00
20:12:30 10/04/2024, 24.80, 61.00
20:12:32 10/04/2024, 24.80, 61.00
20:12:34 10/04/2024, 24.80, 61.00
20:12:36 10/04/2024, 24.80, 61.00
20:12:38 10/04/2024, 24.80, 61.00
20:12:40 10/04/2024, 24.80, 61.00
20:12:42 10/04/2024, 24.80, 61.00
20:12:44 10/04/2024, 24.80, 61.00
20:12:46 10/04/2024, 24.80, 61.00
20:12:48 10/04/2024, 24.80, 61.00
20:12:50 10/04/2024, 24.80, 61.00
20:12:52 10/04/2024, 24.80, 61.00
20:12:54 10/04/2024, 24.80, 61.00
20:12:56 10/04/2024, 24.80, 61.00
20:12:58 10/04/2024, 24.80, 61.00
20:13:00 10/04/2024, 24.80, 61.00
20:13:02 10/04/2024, 24.80, 61.00
20:13:04 10/04/2024, 24.80, 61.00
20:13:06 10/04/2024, 24.80, 61.00
20:13:08 10/04/2024, 24.80, 61.00
20:13:10 10/04/2024, 24.80, 61.00
20:13:12 10/04/2024, 24.80, 61.00
20:13:14 10/04/2024, 24.80, 61.00
20:13:16 10/04/2024, 24.80, 61.00
20:13:18 10/04/2024, 24.80, 61.00
20:13:20 10/04/2024, 24.80, 61.00
20:13:22 10/04/2024, 24.80, 61.00
20:13:24 10/04/2024, 24.80, 61.00
20:13:26 10/04/2024, 24.80, 61.00
20:13:28 10/04/2024, 24.80, 61.00
20:13:30 10/04/2024, 24.80, 61.00
20:13:32 10/04/2024, 24.80, 61.00
20:13:34 10/04/2024, 24.80, 61.00
20:13:36 10/04/2024, 24.80, 61.00
20:13:38 10/04/2024, 24.80, 61.00
20:13:40 10/04/2024, 24.80, 61.00
20:13:42 10/04/2024, 24.80, 61.00
20:13:44 10/04/2024, 24.80, 61.00
20:13:46 10/04/2024, 24.80, 61.00
20:13:48 10/04/2024, 24.80, 61.00
20:13:51 10/04/2024, 24.80, 61.00
20:13:53 10/04/2024, 24.80, 61.00
20:13:55 10/04/2024, 24.80, 61.00
20:13:57 10/04/2024, 24.80, 61.00
20:13:59 10/04/2024, 24.80, 61.00
20:14:01 10/04/2024, 24.80, 61.00
20:14:03 10/04/2024, 24.80, 61.00
20:14:05 10/04/2024, 24.80, 61.00
20:14:07 10/04/2024, 24.80, 61.00
20:14:09 10/04/2024, 24.80, 61.00
20:14:11 10/04/2024, 24.80, 61.00
20:14:13 10/04/2024, 24.80, 60.00
20:14:15 10/04/2024, 24.80, 60.00
20:14:17 10/04/2024, 24.80, 60.00
20:14:19 10/04/2024, 24.80, 60.00
20:14:21 10/04/2024, 24.80, 60.00
20:14:23 10/04/2024, 24.80, 60.00
20:14:25 10/04/2024, 24.80, 60.00
20:14:27 10/04/2024, 24.80, 60.00
20:14:29 10/04/2024, 24.80, 60.00
20:14:31 10/04/2024, 24.80, 60.00
20:14:33 10/04/2024, 24.80, 60.00
20:14:35 10/04/2024, 24.80, 60.00
20:14:37 10/04/2024, 24.80, 60.00
20:14:39 10/04/2024, 24.80, 60.00
20:14:41 10/04/2024, 24.80, 60.00
20:14:43 10/04/2024, 24.80, 60.00
20:14:45 10/04/2024, 24.80, 60.00
20:14:47 10/04/2024, 24.80, 60.00
20:14:49 10/04/2024, 24.80, 60.00
20:14:51 10/04/2024, 24.80, 60.00
20:14:53 10/04/2024, 24.80, 60.00
20:14:55 10/04/2024, 24.80, 60.00
20:14:57 10/04/2024, 24.80, 60.00
20:14:59 10/04/2024, 24.80, 60.00
20:15:01 10/04/2024, 24.80, 60.00
20:15:03 10/04/2024, 24.80, 60.00
20:15:05 10/04/2024, 24.80, 60.00
20:15:07 10/04/2024, 24.80, 60.00
20:15:10 10/04/2024, 24.80, 60.00
20:15:12 10/04/2024, 24.80, 60.00
20:15:14 10/04/2024, 24.80, 60.00
20:15:16 10/04/2024, 24.80, 60.00
20:15:18 10/04/2024, 24.80, 60.00
20:15:20 10/04/2024, 24.80, 60.00
20:15:22 10/04/2024, 24.80, 60.00
20:15:24 10/04/2024, 24.80, 60.00
20:15:26 10/04/2024, 24.80, 60.00
20:15:28 10/04/2024, 24.80, 60.00
20:15:30 10/04/2024, 24.80, 60.00
20:15:32 10/04/2024, 24.80, 60.00
20:15:34 10/04/2024, 24.80, 60.00
20:15:36 10/04/2024, 24.80, 60.00
20:15:38 10/04/2024, 24.80, 60.00
20:15:40 10/04/2024, 24.80, 60.00
20:15:42 10/04/2024, 24.80, 60.00
20:15:44 10/04/2024, 24.80, 60.00
20:15:46 10/04/2024, 24.80, 60.00
20:15:48 10/04/2024, 24.80, 60.00
20:15:50 10/04/2024, 24.80, 60.00
20:15:52 10/04/2024, 24.80, 60.00
20:15:54 10/04/2024, 24.80, 60.00
20:15:56 10/04/2024, 24.80, 60.00
20:15:58 10/04/2024, 24.80, 60.00
20:16:00 10/04/2024, 24.80, 60.00
20:16:02 10/04/2024, 24.80, 60.00
20:16:04 10/04/2024, 24.80, 60.00
20:16:06 10/04/2024, 24.80, 60.00
20:16:08 10/04/2024, 24.80, 60.00
20:16:10 10/04/2024, 24.80, 60.00
20:16:12 10/04/2024, 24.80, 60.00
20:16:14 10/04/2024, 24.80, 60.00
20:16:16 10/04/2024, 24.80, 60.00
20:16:18 10/04/2024, 24.80, 60.00
20:16:20 10/04/2024, 24.80, 60.00
20:16:22 10/04/2024, 24.80, 60.00
20:16:24 10/04/2024, 24.80, 60.00
20:16:26 10/04/2024, 24.80, 60.00
20:16:28 10/04/2024, 24.80, 60.00
20:16:31 10/04/2024, 24.80, 60.00
20:16:33 10/04/2024, 24.80, 60.00
20:16:35 10/04/2024, 24.80, 60.00
20:16:37 10/04/2024, 24.80, 60.00
20:16:39 10/04/2024, 24.80, 60.00
20:16:41 10/04/2024, 24.80, 60.00
20:16:43 10/04/2024, 24.80, 60.00
20:16:45 10/04/2024, 24.80, 60.00
20:16:47 10/04/2024, 24.80, 60.00
20:16:49 10/04/2024, 24.80, 60.00
20:16:51 10/04/2024, 24.80, 60.00
20:16:53 10/04/2024, 24.80, 60.00
20:16:55 10/04/2024, 24.80, 60.00
20:16:57 10/04/2024, 24.80, 60.00
20:16:59 10/04/2024, 24.80, 60.00
20:17:01 10/04/2024, 24.80, 59.00
20:17:03 10/04/2024, 24.80, 59.00
20:17:05 10/04/2024, 24.80, 59.00
20:17:07 10/04/2024, 24.80, 59.00
20:17:09 10/04/2024, 24.80, 59.00
20:17:11 10/04/2024, 24.80, 59.00
20:17:13 10/04/2024, 24.80, 59.00
20:17:15 10/04/2024, 24.80, 59.00
20:17:17 10/04/2024, 24.80, 59.00
20:17:19 10/04/2024, 24.80, 59.00
20:17:21 10/04/2024, 24.80, 59.00
20:17:23 10/04/2024, 24.80, 59.00
20:17:25 10/04/2024, 24.80, 59.00
20:17:27 10/04/2024, 24.80, 59.00
20:17:29 10/04/2024, 24.80, 59.00
20:17:31 10/04/2024, 24.80, 59.00
20:17:33 10/04/2024, 24.80, 59.00
20:17:35 10/04/2024, 24.80, 59.00
20:17:37 10/04/2024, 24.80, 59.00
20:17:39 10/04/2024, 24.80, 59.00
20:17:41 10/04/2024, 24.80, 59.00
20:17:43 10/04/2024, 24.80, 59.00
20:17:45 10/04/2024, 24.80, 59.00
20:17:47 10/04/2024, 24.80, 59.00
20:17:49 10/04/2024, 24.80, 59.00
20:17:52 10/04/2024, 24.80, 59.00
20:17:54 10/04/2024, 24.80, 59.00
20:17:56 10/04/2024, 24.80, 59.00
20:17:58 10/04/2024, 24.80, 59.00
20:18:00 10/04/2024, 24.80, 59.00
20:18:02 10/04/2024, 24.80, 59.00
20:18:04 10/04/2024, 24.80, 59.00
20:18:06 10/04/2024, 24.80, 59.00
20:18:08 10/04/2024, 24.80, 59.00
20:18:10 10/04/2024, 24.80, 59.00
20:18:12 10/04/2024, 24.80, 59.00
20:18:14 10/04/2024, 24.80, 59.00
20:18:16 10/04/2024, 24.80, 59.00
20:18:18 10/04/2024, 24.80, 59.00
20:18:20 10/04/2024, 24.80, 59.00
20:18:22 10/04/2024, 24.80, 59.00
20:18:24 10/04/2024, 24.80, 59.00
20:18:26 10/04/2024, 24.80, 59.00
20:18:28 10/04/2024, 24.80, 59.00
20:18:30 10/04/2024, 24.80, 59.00
20:18:32 10/04/2024, 24.80, 59.00
20:18:34 10/04/2024, 24.80, 59.00
20:18:36 10/04/2024, 24.80, 59.00
20:18:38 10/04/2024, 24.80, 59.00
20:18:40 10/04/2024, 24.80, 59.00
20:18:42 10/04/2024, 24.80, 59.00
20:18:44 10/04/2024, 24.80, 59.00
20:18:46 10/04/2024, 24.80, 59.00
20:18:48 10/04/2024, 24.80, 59.00
20:18:50 10/04/2024, 24.80, 59.00
20:18:52 10/04/2024, 24.80, 59.00
20:18:54 10/04/2024, 24.80, 59.00
20:18:56 10/04/2024, 24.80, 59.00
20:18:58 10/04/2024, 24.80, 59.00
20:19:00 10/04/2024, 24.80, 59.00
20:19:02 10/04/2024, 24.80, 59.00
20:19:04 10/04/2024, 24.80, 59.00
20:19:06 10/04/2024, 24.80, 59.00
20:19:08 10/04/2024, 24.80, 59.00
20:19:10 10/04/2024, 24.80, 59.00
20:19:13 10/04/2024, 24.80, 59.00
20:19:15 10/04/2024, 24.80, 59.00
20:19:17 10/04/2024, 24.80, 59.00
20:19:19 10/04/2024, 24.80, 59.00
20:19:21 10/04/2024, 24.80, 59.00
20:19:23 10/04/2024, 24.80, 59.00
20:19:25 10/04/2024, 24.80, 59.00
20:19:27 10/04/2024, 24.80, 59.00
20:19:29 10/04/2024, 24.80, 59.00
20:19:31 10/04/2024, 24.80, 59.00
20:19:33 10/04/2024, 24.80, 59.00
20:19:35 10/04/2024, 24.80, 59.00
20:19:37 10/04/2024, 24.80, 59.00
20:19:39 10/04/2024, 24.80, 59.00
20:19:41 10/04/2024, 24.80, 59.00
20:19:43 10/04/2024, 24.80, 59.00
20:19:45 10/04/2024, 24.80, 59.00
20:19:47 10/04/2024, 24.80, 59.00
20:19:49 10/04/2024, 24.80, 59.00
20:19:51 10/04/2024, 24.80, 59.00
20:19:53 10/04/2024, 24.80, 59.00
20:19:55 10/04/2024, 24.80, 59.00
20:19:57 10/04/2024, 24.80, 59.00
20:19:59 10/04/2024, 24.80, 59.00
20:20:01 10/04/2024, 24.80, 59.00
20:20:03 10/04/2024, 24.80, 59.00
20:20:05 10/04/2024, 24.80, 59.00
20:20:07 10/04/2024, 24.80, 59.00
20:20:09 10/04/2024, 24.80, 59.00
20:20:11 10/04/2024, 24.80, 59.00
20:20:13 10/04/2024, 24.80, 59.00
20:20:15 10/04/2024, 24.80, 59.00
20:20:17 10/04/2024, 24.80, 59.00
20:20:19 10/04/2024, 24.80, 59.00
20:20:21 10/04/2024, 24.80, 59.00
20:20:23 10/04/2024, 24.80, 59.00
20:20:25 10/04/2024, 24.80, 59.00
20:20:27 10/04/2024, 24.80, 59.00
20:20:29 10/04/2024, 24.80, 59.00
20:20:31 10/04/2024, 24.80, 59.00
20:20:34 10/04/2024, 24.80, 59.00
20:20:36 10/04/2024, 24.80, 59.00
20:20:38 10/04/2024, 24.80, 59.00
20:20:40 10/04/2024, 24.80, 59.00
20:20:42 10/04/2024, 24.80, 59.00
20:20:44 10/04/2024, 24.80, 59.00
20:20:46 10/04/2024, 24.80, 59.00
20:20:48 10/04/2024, 24.80, 59.00
20:20:50 10/04/2024, 24.80, 59.00
20:20:52 10/04/2024, 24.80, 59.00
20:20:54 10/04/2024, 24.80, 59.00
20:20:56 10/04/2024, 24.80, 59.00
20:20:58 10/04/2024, 24.80, 59.00
20:21:00 10/04/2024, 24.80, 59.00
20:21:02 10/04/2024, 24.80, 59.00
20:21:04 10/04/2024, 24.80, 59.00
20:21:06 10/04/2024, 24.80, 59.00
20:21:08 10/04/2024, 24.80, 59.00
20:21:10 10/04/2024, 24.80, 59.00
20:21:12 10/04/2024, 24.80, 59.00
20:21:14 10/04/2024, 24.80, 59.00
20:21:16 10/04/2024, 24.80, 59.00
20:21:18 10/04/2024, 24.80, 59.00
20:21:20 10/04/2024, 24.80, 59.00
20:21:22 10/04/2024, 24.80, 59.00
20:21:24 10/04/2024, 24.80, 59.00
20:21:26 10/04/2024, 24.80, 59.00
20:21:28 10/04/2024, 24.80, 59.00
20:21:30 10/04/2024, 24.80, 59.00
20:21:32 10/04/2024, 24.80, 59.00
20:21:34 10/04/2024, 24.80, 59.00
20:21:36 10/04/2024, 24.80, 59.00
20:21:38 10/04/2024, 24.80, 59.00
20:21:40 10/04/2024, 24.80, 59.00
20:21:42 10/04/2024, 24.80, 59.00
20:21:44 10/04/2024, 24.80, 59.00
20:21:46 10/04/2024, 24.80, 59.00
20:21:48 10/04/2024, 24.80, 59.00
20:21:50 10/04/2024, 24.80, 59.00
20:21:52 10/04/2024, 24.80, 59.00
20:21:55 10/04/2024, 24.80, 59.00
20:21:57 10/04/2024, 24.80, 59.00
20:21:59 10/04/2024, 24.80, 59.00
20:22:01 10/04/2024, 24.80, 59.00
20:22:03 10/04/2024, 24.80, 59.00
20:22:05 10/04/2024, 24.80, 59.00
20:22:07 10/04/2024, 24.80, 59.00
20:22:09 10/04/2024, 24.80, 59.00
20:22:11 10/04/2024, 24.80, 59.00
20:22:13 10/04/2024, 24.80, 59.00
20:22:15 10/04/2024, 24.80, 59.00
20:22:17 10/04/2024, 24.80, 59.00
20:22:19 10/04/2024, 24.80, 59.00
20:22:21 10/04/2024, 24.80, 59.00
20:22:23 10/04/2024, 24.60, 59.00
20:22:25 10/04/2024, 24.50, 59.00
20:22:27 10/04/2024, 24.50, 59.00
20:22:29 10/04/2024, 24.50, 59.00
20:22:31 10/04/2024, 24.50, 59.00
20:22:33 10/04/2024, 24.50, 59.00
20:22:35 10/04/2024, 24.50, 59.00
20:22:37 10/04/2024, 24.50, 59.00
20:22:39 10/04/2024, 24.50, 59.00
20:22:41 10/04/2024, 24.50, 59.00
20:22:43 10/04/2024, 24.50, 59.00
20:22:45 10/04/2024, 24.50, 59.00
20:22:47 10/04/2024, 24.50, 59.00
20:22:49 10/04/2024, 24.50, 59.00
20:22:51 10/04/2024, 24.50, 59.00
20:22:53 10/04/2024, 24.50, 59.00
20:22:55 10/04/2024, 24.50, 59.00
20:22:57 10/04/2024, 24.60, 59.00
20:22:59 10/04/2024, 24.60, 59.00
20:23:01 10/04/2024, 24.60, 59.00
20:23:03 10/04/2024, 24.60, 59.00
20:23:05 10/04/2024, 24.80, 59.00
20:23:07 10/04/2024, 24.80, 59.00
20:23:09 10/04/2024, 24.80, 59.00
20:23:11 10/04/2024, 24.80, 59.00
20:23:13 10/04/2024, 24.80, 59.00
20:23:16 10/04/2024, 24.80, 59.00
20:23:18 10/04/2024, 24.80, 59.00
20:23:20 10/04/2024, 24.80, 59.00
20:23:22 10/04/2024, 24.80, 59.00
20:23:24 10/04/2024, 24.80, 59.00
20:23:26 10/04/2024, 24.80, 59.00
20:23:28 10/04/2024, 24.80, 59.00
20:23:30 10/04/2024, 24.80, 59.00
20:23:32 10/04/2024, 24.80, 59.00
20:23:34 10/04/2024, 24.80, 58.00
20:23:36 10/04/2024, 24.80, 58.00
20:23:38 10/04/2024, 24.80, 58.00
20:23:40 10/04/2024, 24.80, 58.00
20:23:42 10/04/2024, 24.80, 58.00
20:23:44 10/04/2024, 24.80, 58.00
20:23:46 10/04/2024, 24.80, 58.00
20:23:48 10/04/2024, 24.80, 58.00
20:23:50 10/04/2024, 24.80, 58.00
20:23:52 10/04/2024, 24.80, 58.00
20:23:54 10/04/2024, 24.80, 58.00
20:23:56 10/04/2024, 24.80, 58.00
20:23:58 10/04/2024, 24.80, 58.00
20:24:00 10/04/2024, 24.80, 58.00
21:13:15 12/04/2024, 21.80, 71.00
21:13:17 12/04/2024, 21.80, 71.00
21:13:19 12/04/2024, 21.80, 71.00
21:13:22 12/04/2024, 21.80, 71.00
21:13:24 12/04/2024, 21.80, 71.00
21:13:26 12/04/2024, 21.80, 71.00
21:13:28 12/04/2024, 21.80, 71.00
21:13:30 12/04/2024, 21.80, 71.00
21:13:32 12/04/2024, 21.80, 71.00
21:13:34 12/04/2024, 21.80, 71.00
21:13:36 12/04/2024, 21.80, 71.00
21:13:38 12/04/2024, 21.80, 71.00
21:13:40 12/04/2024, 21.80, 71.00
21:13:42 12/04/2024, 21.80, 71.00
21:13:44 12/04/2024, 21.80, 71.00
21:13:46 12/04/2024, 21.80, 71.00
21:13:48 12/04/2024, 21.80, 71.00
21:13:50 12/04/2024, 21.80, 71.00
21:13:52 12/04/2024, 21.80, 71.00
21:13:54 12/04/2024, 21.80, 71.00
21:13:56 12/04/2024, 21.80, 71.00
21:13:58 12/04/2024, 21.80, 71.00
21:14:00 12/04/2024, 21.80, 71.00
21:14:02 12/04/2024, 21.80, 71.00
21:14:04 12/04/2024, 21.80, 71.00
21:14:06 12/04/2024, 21.80, 71.00
21:14:08 12/04/2024, 21.80, 71.00
21:14:10 12/04/2024, 21.80, 71.00
21:14:12 12/04/2024, 21.80, 71.00
21:14:14 12/04/2024, 21.80, 71.00
21:14:16 12/04/2024, 21.80, 71.00
21:14:18 12/04/2024, 21.80, 71.00
21:14:20 12/04/2024, 21.80, 71.00
21:14:22 12/04/2024, 21.80, 71.00
21:14:24 12/04/2024, 21.80, 71.00
21:14:26 12/04/2024, 21.80, 71.00
21:14:28 12/04/2024, 21.80, 71.00
21:14:30 12/04/2024, 21.80, 71.00
21:14:32 12/04/2024, 21.80, 71.00
21:14:34 12/04/2024, 21.80, 71.00
21:14:36 12/04/2024, 21.80, 71.00
21:14:38 12/04/2024, 21.80, 71.00
21:14:40 12/04/2024, 21.80, 71.00
21:14:43 12/04/2024, 21.80, 71.00
21:14:45 12/04/2024, 21.80, 71.00
21:14:47 12/04/2024, 21.80, 71.00
21:14:49 12/04/2024, 21.80, 71.00
21:14:51 12/04/2024, 21.80, 71.00
21:14:53 12/04/2024, 21.80, 71.00
21:14:55 12/04/2024, 21.80, 71.00
21:14:57 12/04/2024, 21.80, 71.00
21:14:59 12/04/2024, 21.80, 70.00
21:15:01 12/04/2024, 21.80, 70.00
21:15:03 12/04/2024, 21.80, 70.00
21:15:05 12/04/2024, 21.80, 70.00
21:15:07 12/04/2024, 21.80, 70.00
21:15:09 12/04/2024, 21.80, 70.00
21:15:11 12/04/2024, 21.80, 70.00
21:15:13 12/04/2024, 21.80, 70.00
21:15:15 12/04/2024, 21.80, 70.00
21:15:17 12/04/2024, 21.80, 70.00
21:15:19 12/04/2024, 21.80, 70.00
21:15:21 12/04/2024, 21.80, 70.00
21:15:23 12/04/2024, 21.80, 70.00
21:15:25 12/04/2024, 21.80, 70.00
21:15:27 12/04/2024, 21.80, 70.00
21:15:29 12/04/2024, 21.80, 70.00
21:15:31 12/04/2024, 21.80, 70.00
21:15:33 12/04/2024, 21.80, 70.00
21:15:35 12/04/2024, 21.80, 70.00
21:15:37 12/04/2024, 21.80, 70.00
21:15:39 12/04/2024, 21.80, 70.00
21:15:41 12/04/2024, 21.80, 70.00
21:15:43 12/04/2024, 21.80, 70.00
21:15:45 12/04/2024, 21.80, 70.00
21:15:47 12/04/2024, 21.80, 70.00
21:15:49 12/04/2024, 21.80, 70.00
21:15:51 12/04/2024, 21.80, 70.00
21:15:53 12/04/2024, 21.80, 70.00
21:15:55 12/04/2024, 21.80, 70.00
21:15:57 12/04/2024, 21.80, 70.00
21:15:59 12/04/2024, 21.80, 70.00
21:16:01 12/04/2024, 21.80, 70.00
21:16:04 12/04/2024, 21.80, 70.00
21:16:06 12/04/2024, 21.80, 70.00
21:16:08 12/04/2024, 21.80, 70.00
21:16:10 12/04/2024, 21.80, 70.00
21:16:12 12/04/2024, 21.80, 70.00
21:16:14 12/04/2024, 21.80, 70.00
21:16:16 12/04/2024, 21.90, 70.00
21:16:18 12/04/2024, 21.90, 70.00
21:16:20 12/04/2024, 21.90, 70.00
21:16:22 12/04/2024, 21.90, 70.00
21:16:24 12/04/2024, 21.90, 70.00
21:16:26 12/04/2024, 21.90, 70.00
21:16:28 12/04/2024, 21.90, 70.00
21:16:30 12/04/2024, 21.90, 70.00
21:16:32 12/04/2024, 21.90, 70.00
21:16:34 12/04/2024, 21.80, 70.00
21:16:36 12/04/2024, 21.80, 70.00
21:16:38 12/04/2024, 21.80, 70.00
21:16:40 12/04/2024, 21.80, 70.00
21:16:42 12/04/2024, 21.80, 70.00
21:16:44 12/04/2024, 21.80, 70.00
21:16:46 12/04/2024, 21.80, 70.00
21:16:48 12/04/2024, 21.80, 70.00
21:16:50 12/04/2024, 21.80, 70.00
21:16:52 12/04/2024, 21.80, 70.00
21:16:54 12/04/2024, 21.80, 70.00
21:16:56 12/04/2024, 21.80, 70.00
21:16:58 12/04/2024, 21.80, 70.00
21:17:00 12/04/2024, 21.80, 70.00
21:17:02 12/04/2024, 21.80, 70.00
21:17:04 12/04/2024, 21.80, 70.00
21:17:06 12/04/2024, 21.80, 70.00
21:17:08 12/04/2024, 21.90, 70.00
21:17:10 12/04/2024, 21.80, 70.00
21:17:12 12/04/2024, 21.80, 70.00
21:17:14 12/04/2024, 21.80, 70.00
21:17:16 12/04/2024, 21.80, 70.00
21:17:18 12/04/2024, 21.80, 70.00
21:17:20 12/04/2024, 21.80, 70.00
21:17:22 12/04/2024, 21.90, 70.00
21:17:25 12/04/2024, 21.90, 70.00
21:17:27 12/04/2024, 21.90, 70.00
21:17:29 12/04/2024, 21.90, 70.00
21:17:31 12/04/2024, 21.90, 70.00
21:17:33 12/04/2024, 21.90, 70.00
21:17:35 12/04/2024, 21.90, 70.00
21:17:37 12/04/2024, 21.90, 70.00
21:17:39 12/04/2024, 21.90, 70.00
21:17:41 12/04/2024, 21.90, 70.00
21:17:43 12/04/2024, 22.00, 70.00
21:17:45 12/04/2024, 22.20, 70.00
21:17:47 12/04/2024, 22.20, 70.00
21:17:49 12/04/2024, 22.20, 70.00
21:17:51 12/04/2024, 22.20, 70.00
21:17:53 12/04/2024, 22.20, 70.00
21:17:55 12/04/2024, 22.20, 70.00
21:17:57 12/04/2024, 22.20, 70.00
21:17:59 12/04/2024, 22.20, 70.00
21:18:01 12/04/2024, 22.20, 70.00
21:18:03 12/04/2024, 22.20, 70.00
21:18:05 12/04/2024, 22.20, 70.00
21:18:07 12/04/2024, 22.20, 70.00
21:18:09 12/04/2024, 22.20, 70.00
21:18:11 12/04/2024, 22.20, 70.00
21:18:13 12/04/2024, 22.20, 70.00
21:18:15 12/04/2024, 22.20, 70.00
21:18:17 12/04/2024, 22.20, 70.00
21:18:19 12/04/2024, 22.20, 70.00
21:18:21 12/04/2024, 22.20, 70.00
21:18:23 12/04/2024, 22.20, 70.00
21:18:25 12/04/2024, 22.20, 70.00
21:18:27 12/04/2024, 22.20, 70.00
21:18:29 12/04/2024, 22.20, 70.00
21:18:31 12/04/2024, 22.20, 70.00
21:18:33 12/04/2024, 22.20, 70.00
21:18:35 12/04/2024, 22.20, 70.00
21:18:37 12/04/2024, 22.20, 70.00
21:18:39 12/04/2024, 22.20, 70.00
21:18:41 12/04/2024, 22.20, 70.00
21:18:43 12/04/2024, 22.20, 70.00
21:18:46 12/04/2024, 22.20, 70.00
21:18:48 12/04/2024, 22.20, 70.00
21:18:50 12/04/2024, 22.20, 70.00
21:18:52 12/04/2024, 22.20, 70.00
21:18:54 12/04/2024, 22.20, 70.00
21:18:56 12/04/2024, 22.20, 70.00
21:18:58 12/04/2024, 22.20, 70.00
21:19:00 12/04/2024, 22.20, 70.00
21:19:02 12/04/2024, 22.20, 70.00
21:19:04 12/04/2024, 22.20, 70.00
21:19:06 12/04/2024, 22.20, 70.00
21:19:08 12/04/2024, 22.20, 70.00
21:19:10 12/04/2024, 22.20, 70.00
21:19:12 12/04/2024, 22.20, 70.00
21:19:14 12/04/2024, 22.20, 70.00
21:19:16 12/04/2024, 22.20, 70.00
21:19:18 12/04/2024, 22.20, 70.00
21:19:20 12/04/2024, 22.20, 70.00
21:19:22 12/04/2024, 22.20, 70.00
21:19:24 12/04/2024, 22.20, 70.00
21:19:26 12/04/2024, 22.20, 70.00
21:19:28 12/04/2024, 22.20, 70.00
21:19:30 12/04/2024, 22.20, 70.00
21:19:32 12/04/2024, 22.20, 70.00
21:19:34 12/04/2024, 22.20, 70.00
21:19:36 12/04/2024, 22.20, 70.00
21:19:38 12/04/2024, 22.20, 70.00
21:19:40 12/04/2024, 22.20, 70.00
21:19:42 12/04/2024, 22.20, 70.00
21:19:44 12/04/2024, 22.20, 71.00
21:19:46 12/04/2024, 22.20, 71.00
21:19:48 12/04/2024, 22.20, 71.00
21:19:50 12/04/2024, 22.20, 71.00
21:19:52 12/04/2024, 22.20, 71.00
21:19:54 12/04/2024, 22.20, 71.00
21:19:56 12/04/2024, 22.20, 71.00
21:19:58 12/04/2024, 22.20, 71.00
21:20:00 12/04/2024, 22.20, 71.00
21:20:02 12/04/2024, 22.20, 71.00
21:20:04 12/04/2024, 22.20, 71.00
21:20:07 12/04/2024, 22.20, 71.00
21:20:09 12/04/2024, 22.20, 71.00
21:20:11 12/04/2024, 22.20, 71.00
21:20:13 12/04/2024, 22.20, 71.00
21:20:15 12/04/2024, 22.20, 71.00
21:20:17 12/04/2024, 22.20, 71.00
21:20:19 12/04/2024, 22.20, 71.00
21:20:21 12/04/2024, 22.20, 71.00
21:20:23 12/04/2024, 22.20, 72.00
21:20:25 12/04/2024, 22.20, 72.00
21:20:27 12/04/2024, 22.20, 72.00
21:20:29 12/04/2024, 22.20, 72.00
21:20:31 12/04/2024, 22.20, 72.00
21:20:33 12/04/2024, 22.20, 72.00
21:20:35 12/04/2024, 22.20, 72.00
21:20:37 12/04/2024, 22.20, 72.00
21:20:39 12/04/2024, 22.20, 72.00
21:20:41 12/04/2024, 22.20, 72.00
21:20:43 12/04/2024, 22.20, 72.00
21:20:45 12/04/2024, 22.20, 72.00
21:20:47 12/04/2024, 22.20, 72.00
21:20:49 12/04/2024, 22.20, 72.00
21:20:51 12/04/2024, 22.20, 72.00
21:20:53 12/04/2024, 22.20, 72.00
21:20:55 12/04/2024, 22.20, 72.00
21:20:57 12/04/2024, 22.20, 72.00
21:20:59 12/04/2024, 22.20, 72.00
21:21:01 12/04/2024, 22.20, 72.00
21:21:03 12/04/2024, 22.20, 72.00
21:21:05 12/04/2024, 22.20, 72.00
21:21:07 12/04/2024, 22.20, 73.00
21:21:09 12/04/2024, 22.20, 73.00
21:21:11 12/04/2024, 22.20, 73.00
21:21:13 12/04/2024, 22.20, 73.00
21:21:15 12/04/2024, 22.20, 73.00
21:21:17 12/04/2024, 22.20, 73.00
21:21:19 12/04/2024, 22.20, 73.00
21:21:21 12/04/2024, 22.20, 73.00
21:21:23 12/04/2024, 22.20, 73.00
21:21:25 12/04/2024, 22.20, 73.00
21:21:28 12/04/2024, 22.20, 73.00
21:21:30 12/04/2024, 22.30, 73.00
21:21:32 12/04/2024, 22.30, 73.00
21:21:34 12/04/2024, 22.30, 73.00
21:21:36 12/04/2024, 22.30, 73.00
21:21:38 12/04/2024, 22.30, 73.00
21:21:40 12/04/2024, 22.30, 73.00
21:21:42 12/04/2024, 22.30, 73.00
21:21:44 12/04/2024, 22.30, 73.00
21:21:46 12/04/2024, 22.30, 73.00
21:21:48 12/04/2024, 22.30, 73.00
21:21:50 12/04/2024, 22.40, 73.00
21:21:52 12/04/2024, 22.40, 73.00
21:21:54 12/04/2024, 22.40, 73.00
21:21:56 12/04/2024, 22.40, 73.00
21:21:58 12/04/2024, 22.50, 73.00
21:22:00 12/04/2024, 22.60, 73.00
21:22:02 12/04/2024, 22.60, 73.00
21:22:04 12/04/2024, 22.60, 73.00
21:22:06 12/04/2024, 22.60, 73.00
21:22:08 12/04/2024, 22.60, 73.00
21:22:10 12/04/2024, 22.60, 73.00
21:22:12 12/04/2024, 22.60, 73.00
21:22:14 12/04/2024, 22.60, 73.00
21:22:16 12/04/2024, 22.60, 73.00
21:22:18 12/04/2024, 22.60, 73.00
21:22:20 12/04/2024, 22.60, 73.00
21:22:22 12/04/2024, 22.60, 73.00
21:22:24 12/04/2024, 22.60, 73.00
21:22:26 12/04/2024, 22.60, 73.00
21:22:28 12/04/2024, 22.60, 73.00
21:22:30 12/04/2024, 22.60, 73.00
21:22:32 12/04/2024, 22.60, 73.00
21:22:34 12/04/2024, 22.60, 73.00
21:22:36 12/04/2024, 22.60, 73.00
21:22:38 12/04/2024, 22.60, 73.00
21:22:40 12/04/2024, 22.60, 74.00
21:22:42 12/04/2024, 22.60, 74.00
21:22:44 12/04/2024, 22.60, 74.00
21:22:47 12/04/2024, 22.60, 74.00
21:22:49 12/04/2024, 22.60, 74.00
21:22:51 12/04/2024, 22.60, 74.00
21:22:53 12/04/2024, 22.60, 74.00
21:22:55 12/04/2024, 22.60, 74.00
21:22:57 12/04/2024, 22.60, 74.00
21:22:59 12/04/2024, 22.60, 74.00
21:23:01 12/04/2024, 22.60, 74.00
21:23:03 12/04/2024, 22.60, 74.00
21:23:05 12/04/2024, 22.60, 74.00
21:23:07 12/04/2024, 22.60, 74.00
21:23:09 12/04/2024, 22.60, 74.00
21:23:11 12/04/2024, 22.60, 74.00
21:23:13 12/04/2024, 22.60, 75.00
21:23:15 12/04/2024, 22.60, 75.00
21:23:17 12/04/2024, 22.60, 75.00
21:23:19 12/04/2024, 22.60, 75.00
21:23:21 12/04/2024, 22.60, 75.00
21:23:23 12/04/2024, 22.60, 75.00
21:23:25 12/04/2024, 22.60, 75.00
21:23:27 12/04/2024, 22.60, 75.00
21:23:29 12/04/2024, 22.60, 75.00
21:23:31 12/04/2024, 22.60, 75.00
21:23:33 12/04/2024, 22.60, 75.00
21:23:35 12/04/2024, 22.60, 75.00
21:23:37 12/04/2024, 22.60, 75.00
21:23:39 12/04/2024, 22.60, 75.00
21:23:41 12/04/2024, 22.60, 75.00
21:23:43 12/04/2024, 22.60, 75.00
21:23:45 12/04/2024, 22.60, 75.00
21:23:47 12/04/2024, 22.60, 75.00
21:23:49 12/04/2024, 22.60, 75.00
21:23:51 12/04/2024, 22.60, 75.00
21:23:53 12/04/2024, 22.60, 75.00
21:23:55 12/04/2024, 22.60, 75.00
21:23:57 12/04/2024, 22.60, 76.00
21:23:59 12/04/2024, 22.60, 76.00
21:24:01 12/04/2024, 22.60, 76.00
21:24:03 12/04/2024, 22.60, 76.00
21:24:05 12/04/2024, 22.60, 76.00
21:24:08 12/04/2024, 22.60, 76.00
21:24:10 12/04/2024, 22.60, 76.00
21:24:12 12/04/2024, 22.60, 76.00
21:24:14 12/04/2024, 22.60, 76.00
21:24:16 12/04/2024, 22.60, 76.00
21:24:18 12/04/2024, 22.60, 76.00
21:24:20 12/04/2024, 22.60, 76.00
21:24:22 12/04/2024, 22.60, 76.00
21:24:24 12/04/2024, 22.60, 76.00
21:24:26 12/04/2024, 22.60, 76.00
21:24:28 12/04/2024, 22.60, 76.00
21:24:30 12/04/2024, 22.60, 76.00
21:24:32 12/04/2024, 22.60, 76.00
21:24:34 12/04/2024, 22.60, 76.00
21:24:36 12/04/2024, 22.60, 76.00
21:24:38 12/04/2024, 22.60, 76.00
21:24:40 12/04/2024, 22.60, 76.00
21:24:42 12/04/2024, 22.60, 76.00
21:24:44 12/04/2024, 22.60, 76.00
21:24:46 12/04/2024, 22.60, 76.00
21:24:48 12/04/2024, 22.60, 76.00
21:24:50 12/04/2024, 22.60, 76.00
21:24:52 12/04/2024, 22.60, 76.00
21:24:54 12/04/2024, 22.60, 76.00
21:24:56 12/04/2024, 22.60, 76.00
21:24:58 12/04/2024, 22.60, 76.00
21:25:00 12/04/2024, 22.60, 76.00
21:25:02 12/04/2024, 22.60, 76.00
21:25:04 12/04/2024, 22.60, 76.00
21:25:06 12/04/2024, 22.60, 76.00
21:25:08 12/04/2024, 22.60, 76.00
21:25:10 12/04/2024, 22.60, 76.00
21:25:12 12/04/2024, 22.60, 76.00
21:25:14 12/04/2024, 22.60, 76.00
21:25:16 12/04/2024, 22.60, 76.00
21:25:18 12/04/2024, 22.60, 76.00
21:25:20 12/04/2024, 22.60, 76.00
21:25:22 12/04/2024, 22.60, 76.00
21:25:24 12/04/2024, 22.60, 76.00
21:25:26 12/04/2024, 22.60, 76.00
21:25:29 12/04/2024, 22.60, 76.00
21:25:31 12/04/2024, 22.60, 76.00
21:25:33 12/04/2024, 22.60, 76.00
21:25:35 12/04/2024, 22.60, 76.00
21:25:37 12/04/2024, 22.60, 76.00
21:25:39 12/04/2024, 22.60, 76.00
21:25:41 12/04/2024, 22.60, 76.00
21:25:43 12/04/2024, 22.60, 76.00
21:25:45 12/04/2024, 22.60, 76.00
21:25:47 12/04/2024, 22.60, 76.00
21:25:49 12/04/2024, 22.60, 76.00
21:25:51 12/04/2024, 22.60, 76.00
21:25:53 12/04/2024, 22.60, 76.00
21:25:55 12/04/2024, 22.60, 76.00
21:25:57 12/04/2024, 22.60, 76.00
21:25:59 12/04/2024, 22.60, 76.00
21:26:01 12/04/2024, 22.60, 76.00
21:26:03 12/04/2024, 22.60, 76.00
21:26:05 12/04/2024, 22.60, 76.00
21:26:07 12/04/2024, 22.60, 76.00
21:26:09 12/04/2024, 22.60, 76.00
21:26:11 12/04/2024, 22.60, 76.00
21:26:13 12/04/2024, 22.60, 76.00
21:26:15 12/04/2024, 22.60, 76.00
21:26:17 12/04/2024, 22.60, 76.00
21:26:19 12/04/2024, 22.60, 76.00
21:26:21 12/04/2024, 22.60, 76.00
21:26:23 12/04/2024, 22.60, 76.00
21:26:25 12/04/2024, 22.60, 76.00
21:26:27 12/04/2024, 22.60, 76.00
21:26:29 12/04/2024, 22.60, 76.00
21:26:31 12/04/2024, 22.60, 76.00
21:26:33 12/04/2024, 22.60, 76.00
21:26:35 12/04/2024, 22.60, 76.00
21:26:37 12/04/2024, 22.60, 76.00
21:26:39 12/04/2024, 22.60, 76.00
21:26:41 12/04/2024, 22.60, 76.00
21:26:43 12/04/2024, 22.60, 76.00
21:26:45 12/04/2024, 22.60, 76.00
21:26:47 12/04/2024, 22.60, 76.00
21:26:50 12/04/2024, 22.60, 76.00
21:26:52 12/04/2024, 22.60, 76.00
21:26:54 12/04/2024, 22.60, 76.00
21:26:56 12/04/2024, 22.60, 76.00
21:26:58 12/04/2024, 22.60, 76.00
21:27:00 12/04/2024, 22.60, 76.00
21:27:02 12/04/2024, 22.60, 76.00
21:27:04 12/04/2024, 22.60, 76.00
21:27:06 12/04/2024, 22.60, 76.00
21:27:08 12/04/2024, 22.60, 76.00
21:27:10 12/04/2024, 22.60, 76.00
21:27:12 12/04/2024, 22.60, 76.00
21:27:14 12/04/2024, 22.60, 76.00
21:27:16 12/04/2024, 22.60, 76.00
21:27:18 12/04/2024, 22.60, 76.00
21:27:20 12/04/2024, 22.60, 76.00
21:27:22 12/04/2024, 22.60, 76.00
21:27:24 12/04/2024, 22.60, 76.00
21:27:26 12/04/2024, 22.60, 76.00
21:27:28 12/04/2024, 22.60, 76.00
21:27:30 12/04/2024, 22.60, 76.00
21:27:32 12/04/2024, 22.60, 76.00
21:27:34 12/04/2024, 22.60, 76.00
21:27:36 12/04/2024, 22.60, 76.00
21:27:38 12/04/2024, 22.60, 76.00
21:27:40 12/04/2024, 22.60, 76.00
21:27:42 12/04/2024, 22.60, 76.00
21:27:44 12/04/2024, 22.60, 76.00
21:27:46 12/04/2024, 22.60, 76.00
21:27:48 12/04/2024, 22.60, 76.00
21:27:50 12/04/2024, 22.60, 76.00
21:27:52 12/04/2024, 22.60, 76.00
21:27:54 12/04/2024, 22.60, 76.00
21:27:56 12/04/2024, 22.60, 76.00
21:27:58 12/04/2024, 22.60, 76.00
21:28:00 12/04/2024, 22.60, 76.00
21:28:02 12/04/2024, 22.60, 76.00
21:28:04 12/04/2024, 22.60, 76.00
21:28:06 12/04/2024, 22.60, 76.00
21:28:08 12/04/2024, 22.60, 76.00
21:28:11 12/04/2024, 22.60, 76.00
21:28:13 12/04/2024, 22.60, 76.00
21:28:15 12/04/2024, 22.60, 76.00
21:28:17 12/04/2024, 22.60, 76.00
21:28:19 12/04/2024, 22.60, 76.00
21:28:21 12/04/2024, 22.60, 76.00
21:28:23 12/04/2024, 22.60, 76.00
21:28:25 12/04/2024, 22.60, 76.00
21:28:27 12/04/2024, 22.60, 76.00
21:28:29 12/04/2024, 22.60, 76.00
21:28:31 12/04/2024, 22.60, 76.00
21:28:33 12/04/2024, 22.60, 76.00
21:28:35 12/04/2024, 22.60, 77.00
21:28:37 12/04/2024, 22.60, 77.00
21:28:39 12/04/2024, 22.60, 77.00
21:28:41 12/04/2024, 22.60, 77.00
21:28:43 12/04/2024, 22.60, 77.00
21:28:45 12/04/2024, 22.60, 77.00
21:28:47 12/04/2024, 22.60, 77.00
21:28:49 12/04/2024, 22.60, 77.00
21:28:51 12/04/2024, 22.60, 77.00
21:28:53 12/04/2024, 22.60, 77.00
21:28:55 12/04/2024, 22.60, 77.00
21:28:57 12/04/2024, 22.60, 77.00
21:28:59 12/04/2024, 22.60, 77.00
21:29:01 12/04/2024, 22.60, 77.00
21:29:03 12/04/2024, 22.60, 77.00
21:29:05 12/04/2024, 22.60, 77.00
21:29:07 12/04/2024, 22.60, 77.00
21:29:09 12/04/2024, 22.60, 77.00
21:29:11 12/04/2024, 22.60, 77.00
21:29:13 12/04/2024, 22.60, 77.00
21:29:15 12/04/2024, 22.60, 77.00
21:29:17 12/04/2024, 22.60, 77.00
21:29:19 12/04/2024, 22.60, 77.00
21:29:21 12/04/2024, 22.60, 77.00
21:29:23 12/04/2024, 22.60, 77.00
21:29:25 12/04/2024, 22.60, 77.00
21:29:27 12/04/2024, 22.60, 76.00
21:29:29 12/04/2024, 22.60, 76.00
21:29:32 12/04/2024, 22.60, 76.00
21:29:34 12/04/2024, 22.60, 76.00
21:29:36 12/04/2024, 22.60, 76.00
21:29:38 12/04/2024, 22.60, 76.00
21:29:40 12/04/2024, 22.60, 76.00
21:29:42 12/04/2024, 22.60, 76.00
21:29:44 12/04/2024, 22.60, 76.00
21:29:46 12/04/2024, 22.60, 76.00
21:29:48 12/04/2024, 22.60, 76.00
21:29:50 12/04/2024, 22.60, 76.00
21:29:52 12/04/2024, 22.60, 76.00
21:29:54 12/04/2024, 22.60, 76.00
21:29:56 12/04/2024, 22.60, 76.00
21:29:58 12/04/2024, 22.60, 76.00
21:30:00 12/04/2024, 22.60, 76.00
21:30:02 12/04/2024, 22.60, 76.00
21:30:04 12/04/2024, 22.60, 76.00
21:30:06 12/04/2024, 22.60, 76.00
21:30:08 12/04/2024, 22.60, 76.00
21:30:10 12/04/2024, 22.60, 76.00
21:30:12 12/04/2024, 22.60, 76.00
21:30:14 12/04/2024, 22.60, 76.00
21:30:16 12/04/2024, 22.60, 76.00
21:30:18 12/04/2024, 22.60, 76.00
21:30:20 12/04/2024, 22.60, 76.00
21:30:22 12/04/2024, 22.60, 76.00
21:30:24 12/04/2024, 22.60, 76.00
21:30:26 12/04/2024, 22.60, 76.00
21:30:28 12/04/2024, 22.60, 76.00
21:30:30 12/04/2024, 22.60, 76.00
21:30:32 12/04/2024, 22.60, 75.00
21:30:34 12/04/2024, 22.60, 75.00
21:30:36 12/04/2024, 22.60, 75.00
21:30:38 12/04/2024, 22.60, 75.00
21:30:40 12/04/2024, 22.60, 75.00
21:30:42 12/04/2024, 22.60, 75.00
21:30:44 12/04/2024, 22.60, 75.00
21:30:46 12/04/2024, 22.60, 75.00
21:30:48 12/04/2024, 22.60, 75.00
21:30:50 12/04/2024, 22.60, 75.00
21:30:53 12/04/2024, 22.60, 75.00
21:30:55 12/04/2024, 22.60, 75.00
21:30:57 12/04/2024, 22.60, 75.00
21:30:59 12/04/2024, 22.60, 75.00
21:31:01 12/04/2024, 22.60, 75.00
21:31:03 12/04/2024, 22.60, 75.00
21:31:05 12/04/2024, 22.60, 75.00
21:31:07 12/04/2024, 22.60, 75.00
21:31:09 12/04/2024, 22.60, 75.00
21:31:11 12/04/2024, 22.60, 75.00
21:31:13 12/04/2024, 22.60, 75.00
21:31:15 12/04/2024, 22.60, 75.00
21:31:17 12/04/2024, 22.60, 75.00
21:31:19 12/04/2024, 22.60, 75.00
21:31:21 12/04/2024, 22.60, 75.00
21:31:23 12/04/2024, 22.60, 75.00
21:31:25 12/04/2024, 22.60, 75.00
21:31:27 12/04/2024, 22.60, 75.00
21:31:29 12/04/2024, 22.60, 75.00
21:31:31 12/04/2024, 22.60, 75.00
21:31:33 12/04/2024, 22.60, 75.00
21:31:35 12/04/2024, 22.60, 75.00
21:31:37 12/04/2024, 22.60, 75.00
21:31:39 12/04/2024, 22.60, 75.00
21:31:41 12/04/2024, 22.50, 75.00
21:31:43 12/04/2024, 22.40, 75.00
21:31:45 12/04/2024, 22.30, 75.00
21:31:47 12/04/2024, 22.30, 75.00
21:31:49 12/04/2024, 22.30, 75.00
21:31:51 12/04/2024, 22.30, 75.00
21:31:53 12/04/2024, 22.30, 75.00
21:31:55 12/04/2024, 22.30, 75.00
21:31:57 12/04/2024, 22.30, 75.00
21:32:36 12/04/2024, 22.60, 76.00
21:32:38 12/04/2024, 22.60, 76.00
21:32:44 12/04/2024, 22.60, 75.00
21:32:46 12/04/2024, 22.60, 75.00
21:32:48 12/04/2024, 22.60, 75.00
13:10:18 17/04/2024, 26.20, 57.00
13:10:20 17/04/2024, 26.20, 56.00
13:10:22 17/04/2024, 26.20, 56.00
13:10:24 17/04/2024, 26.20, 56.00
13:10:26 17/04/2024, 26.20, 56.00
13:10:28 17/04/2024, 26.20, 56.00
13:10:30 17/04/2024, 26.20, 56.00
13:10:32 17/04/2024, 26.20, 56.00
13:10:34 17/04/2024, 26.20, 56.00
13:10:36 17/04/2024, 26.20, 55.00
13:10:38 17/04/2024, 26.20, 55.00
13:10:40 17/04/2024, 26.20, 55.00
13:10:42 17/04/2024, 26.20, 55.00
13:10:44 17/04/2024, 26.20, 55.00
13:10:46 17/04/2024, 26.20, 55.00
13:10:48 17/04/2024, 26.20, 55.00
13:10:50 17/04/2024, 26.20, 55.00
13:10:52 17/04/2024, 26.20, 55.00
13:10:54 17/04/2024, 26.20, 55.00
13:10:56 17/04/2024, 26.20, 55.00
13:10:58 17/04/2024, 26.20, 55.00
13:11:00 17/04/2024, 26.20, 55.00
13:11:02 17/04/2024, 26.20, 55.00
13:11:04 17/04/2024, 26.20, 55.00
13:11:06 17/04/2024, 26.20, 55.00
13:11:08 17/04/2024, 26.20, 55.00
13:11:10 17/04/2024, 26.20, 55.00
13:11:12 17/04/2024, 26.20, 55.00
13:11:14 17/04/2024, 26.20, 55.00
13:11:16 17/04/2024, 26.00, 55.00
13:11:18 17/04/2024, 25.80, 55.00
13:11:20 17/04/2024, 25.80, 55.00
13:11:22 17/04/2024, 25.80, 55.00
13:11:24 17/04/2024, 25.80, 55.00
13:11:26 17/04/2024, 25.80, 55.00
13:11:28 17/04/2024, 25.80, 55.00
13:11:30 17/04/2024, 25.80, 55.00
13:11:32 17/04/2024, 25.80, 55.00
13:11:34 17/04/2024, 25.80, 55.00
13:11:36 17/04/2024, 25.80, 55.00
13:11:39 17/04/2024, 25.80, 55.00
13:11:41 17/04/2024, 25.80, 55.00
13:11:43 17/04/2024, 25.80, 55.00
13:11:45 17/04/2024, 25.80, 55.00
13:11:47 17/04/2024, 25.80, 55.00
13:11:49 17/04/2024, 25.80, 55.00
13:11:51 17/04/2024, 25.80, 55.00
13:11:53 17/04/2024, 25.80, 55.00
13:11:55 17/04/2024, 25.80, 55.00
13:11:57 17/04/2024, 25.80, 55.00
13:11:59 17/04/2024, 25.80, 54.00
13:12:01 17/04/2024, 25.80, 54.00
13:12:03 17/04/2024, 25.80, 54.00
13:12:05 17/04/2024, 25.80, 54.00
13:12:07 17/04/2024, 25.80, 54.00
13:12:09 17/04/2024, 25.80, 54.00
13:12:11 17/04/2024, 25.80, 54.00
13:12:13 17/04/2024, 25.80, 54.00
13:12:15 17/04/2024, 25.80, 54.00
13:12:17 17/04/2024, 25.80, 54.00
13:12:19 17/04/2024, 25.80, 54.00
13:12:21 17/04/2024, 25.80, 54.00
13:12:23 17/04/2024, 25.80, 54.00
13:12:25 17/04/2024, 25.80, 54.00
13:14:37 17/04/2024, 25.30, 54.00
13:14:39 17/04/2024, 25.30, 54.00
13:14:41 17/04/2024, 25.30, 54.00
13:14:43 17/04/2024, 25.30, 54.00
13:14:45 17/04/2024, 25.30, 54.00
13:14:47 17/04/2024, 25.30, 54.00
13:14:49 17/04/2024, 25.30, 54.00
13:14:51 17/04/2024, 25.30, 54.00
13:14:53 17/04/2024, 25.30, 54.00
13:14:55 17/04/2024, 25.30, 54.00
13:14:57 17/04/2024, 25.30, 54.00
13:14:59 17/04/2024, 25.30, 54.00
13:15:01 17/04/2024, 25.30, 54.00
13:15:03 17/04/2024, 25.30, 54.00
13:15:05 17/04/2024, 25.30, 54.00
13:15:07 17/04/2024, 25.30, 54.00
13:15:09 17/04/2024, 25.30, 54.00
13:15:11 17/04/2024, 25.30, 54.00
13:15:13 17/04/2024, 25.30, 54.00
13:15:15 17/04/2024, 25.30, 54.00
13:15:17 17/04/2024, 25.30, 54.00
13:15:19 17/04/2024, 25.30, 54.00
13:15:21 17/04/2024, 25.30, 54.00
13:15:23 17/04/2024, 25.30, 54.00
13:15:25 17/04/2024, 25.30, 54.00
13:15:27 17/04/2024, 25.30, 54.00
13:15:29 17/04/2024, 25.30, 54.00
13:15:31 17/04/2024, 25.30, 54.00
13:15:33 17/04/2024, 25.30, 54.00
13:15:35 17/04/2024, 25.30, 54.00
13:15:37 17/04/2024, 25.30, 54.00
13:15:39 17/04/2024, 25.30, 54.00
13:15:42 17/04/2024, 25.30, 54.00
13:15:44 17/04/2024, 25.30, 54.00
13:15:46 17/04/2024, 25.30, 54.00
13:15:48 17/04/2024, 25.30, 54.00
13:15:50 17/04/2024, 25.30, 54.00
13:15:52 17/04/2024, 25.30, 54.00
13:15:54 17/04/2024, 25.30, 54.00
13:15:56 17/04/2024, 25.30, 55.00
13:15:58 17/04/2024, 25.30, 55.00
13:16:00 17/04/2024, 25.30, 55.00
13:16:02 17/04/2024, 25.30, 55.00
13:16:04 17/04/2024, 25.30, 55.00
13:16:06 17/04/2024, 25.30, 55.00
13:16:08 17/04/2024, 25.30, 55.00
13:16:10 17/04/2024, 25.30, 55.00
13:16:12 17/04/2024, 25.30, 55.00
